Date/Time, GC-hostname:port, CPU-hostname:port, Used JVM Mem-hostname:port, Total JVM Mem-hostname:port, Init JVM Mem-hostname:port, Committed JVM Mem-hostname:port, Loaded Class Count-hostname:port, JVM Process CPU Time-hostname:port, JVM Process Cpu Load-hostname:port, System CPU Load-hostname:port, Free Physical Memory Size-hostname:port, Total Physical Memory Size-hostname:port, System Load Average-hostname:port, Total Swap Space Size-hostname:port, Committed Virtual Memory Size-hostname:port, Current Thread Count-hostname:port, Current Threads Busy-hostname:port, Max Threads-hostname:port, Active Sessions-hostname:port, Uptime-hostname:port,
2018-03-22 00:00:40, 0.0, 1, 179913296, 954466304, 261342016, 200933376, 4396, 5809370000000, 0.01, 0.27, 199888896, 16725889024, 0.43, 8724148224, 3576426496, 10, 3, 200, 108, 123512757,
2018-03-22 00:01:40, 0.0, 1, 139535792, 954466304, 261342016, 200671232, 4396, 5812270000000, 0.01, 0.29, 236941312, 16725889024, 0.29, 8724148224, 3576426496, 10, 4, 200, 108, 123572774,
2018-03-22 00:02:40, 0.1, 1, 169600248, 954466304, 261342016, 201129984, 4396, 5814700000000, 0.01, 0.23, 214732800, 16725889024, 0.37, 8724148224, 3576426496, 10, 3, 200, 108, 123632756,
2018-03-22 00:03:40, 0.0, 1, 179884184, 954466304, 261342016, 201457664, 4396, 5817190000000, 0.01, 0.25, 235597824, 16725889024, 0.55, 8724148224, 3576426496, 10, 3, 200, 108, 123692758,
2018-03-22 00:04:40, 0.0, 1, 166547904, 954466304, 261342016, 201588736, 4396, 5819790000000, 0.01, 0.26, 252809216, 16725889024, 0.54, 8724148224, 3576426496, 10, 3, 200, 108, 123752756,
2018-03-22 00:05:40, 0.0, 0, 146815944, 954466304, 261342016, 201588736, 4396, 5822130000000, 0.01, 0.24, 241295360, 16725889024, 0.24, 8724148224, 3576426496, 10, 3, 200, 108, 123812756,
2018-03-22 00:06:40, 0.0, 1, 177224808, 954466304, 261342016, 202178560, 4396, 5824740000000, 0.01, 0.28, 224169984, 16725889024, 0.29, 8724148224, 3576426496, 10, 2, 200, 108, 123872756,
2018-03-22 00:07:40, 0.0, 1, 160094224, 954466304, 261342016, 202309632, 4396, 5827550000000, 0.01, 0.31, 202244096, 16725889024, 0.89, 8724148224, 3576426496, 10, 3, 200, 108, 123932758,
2018-03-22 00:08:40, 0.0, 1, 166869120, 954466304, 261342016, 202178560, 4396, 5830530000000, 0.01, 0.35, 229658624, 16725889024, 0.66, 8724148224, 3576426496, 10, 2, 200, 108, 123992755,
2018-03-22 00:09:40, 0.0, 1, 181030344, 954466304, 261342016, 202309632, 4396, 5833030000000, 0.01, 0.29, 245108736, 16725889024, 0.73, 8724148224, 3576426496, 10, 2, 200, 108, 124052755,
2018-03-22 00:10:40, 0.0, 1, 155929296, 954466304, 261342016, 202244096, 4396, 5835800000000, 0.01, 0.28, 242180096, 16725889024, 0.96, 8724148224, 3576426496, 10, 3, 200, 108, 124112758,
2018-03-22 00:11:40, 0.0, 1, 175823040, 954466304, 261342016, 202506240, 4396, 5838920000000, 0.01, 0.33, 256155648, 16725889024, 0.59, 8724148224, 3576426496, 10, 3, 200, 108, 124172764,
2018-03-22 00:12:40, 0.0, 1, 174490984, 954466304, 261342016, 202833920, 4396, 5842230000000, 0.01, 0.37, 221372416, 16725889024, 0.86, 8724148224, 3576426496, 10, 3, 200, 108, 124232758,
2018-03-22 00:13:40, 0.0, 1, 178263888, 954466304, 261342016, 202637312, 4396, 5845680000000, 0.01, 0.38, 209395712, 16725889024, 0.67, 8724148224, 3576426496, 10, 4, 200, 108, 124292768,
2018-03-22 00:14:40, 0.0, 1, 169023656, 954466304, 261342016, 203358208, 4396, 5848190000000, 0.01, 0.27, 267227136, 16725889024, 0.48, 8724148224, 3576426496, 10, 3, 200, 108, 124352761,
2018-03-22 00:15:40, 0.0, 1, 154695672, 954466304, 261342016, 203292672, 4396, 5850610000000, 0.01, 0.24, 256561152, 16725889024, 0.25, 8724148224, 3576426496, 10, 3, 200, 108, 124412759,
2018-03-22 00:16:40, 0.0, 1, 163690384, 954466304, 261342016, 203358208, 4396, 5853150000000, 0.01, 0.26, 204492800, 16725889024, 0.24, 8724148224, 3576426496, 10, 3, 200, 108, 124472778,
2018-03-22 00:17:40, 0.0, 0, 191388248, 954466304, 261342016, 203358208, 4396, 5855550000000, 0.01, 0.26, 234242048, 16725889024, 0.16, 8724148224, 3576426496, 10, 3, 200, 108, 124532760,
2018-03-22 00:18:40, 0.0, 1, 189510264, 954466304, 261342016, 203161600, 4396, 5858240000000, 0.01, 0.27, 190464000, 16725889024, 0.32, 8724148224, 3576426496, 10, 4, 200, 108, 124592787,
2018-03-22 00:19:40, 0.0, 0, 173337512, 954466304, 261342016, 203227136, 4396, 5860540000000, 0.01, 0.28, 191279104, 16725889024, 0.33, 8724148224, 3576426496, 10, 3, 200, 108, 124652765,
2018-03-22 00:20:40, 0.0, 1, 185841352, 954466304, 261342016, 203227136, 4396, 5862940000000, 0.01, 0.26, 180072448, 16725889024, 0.20, 8724148224, 3576426496, 10, 3, 200, 108, 124712760,
2018-03-22 00:21:40, 0.0, 0, 163828648, 954466304, 261342016, 203227136, 4396, 5865310000000, 0.01, 0.25, 231530496, 16725889024, 0.22, 8724148224, 3576426496, 10, 3, 200, 108, 124772757,
2018-03-22 00:22:40, 0.0, 1, 160604856, 954466304, 261342016, 202964992, 4396, 5868140000000, 0.01, 0.30, 214982656, 16725889024, 0.15, 8724148224, 3576426496, 10, 3, 200, 108, 124832760,
2018-03-22 00:23:40, 0.0, 0, 177181048, 954466304, 261342016, 203161600, 4396, 5870520000000, 0.01, 0.23, 209252352, 16725889024, 0.05, 8724148224, 3576426496, 10, 4, 200, 108, 124892760,
2018-03-22 00:24:40, 0.0, 1, 176630288, 954466304, 261342016, 203030528, 4396, 5873080000000, 0.01, 0.24, 211296256, 16725889024, 0.37, 8724148224, 3576426496, 10, 4, 200, 108, 124952764,
2018-03-22 00:25:40, 0.0, 1, 169837968, 954466304, 261342016, 202833920, 4396, 5875580000000, 0.01, 0.26, 220221440, 16725889024, 0.42, 8724148224, 3576426496, 10, 4, 200, 108, 125012769,
2018-03-22 00:26:40, 0.1, 1, 54479304, 954466304, 261342016, 141033472, 4390, 5878190000000, 0.01, 0.24, 268087296, 16725889024, 0.34, 8724148224, 3576426496, 10, 4, 200, 108, 125072760,
2018-03-22 00:27:40, 0.0, 1, 49861944, 954466304, 261342016, 141099008, 4390, 5880690000000, 0.01, 0.25, 288276480, 16725889024, 0.28, 8724148224, 3576426496, 10, 4, 200, 108, 125132759,
2018-03-22 00:28:40, 0.0, 1, 69283432, 954466304, 261342016, 141099008, 4390, 5883300000000, 0.01, 0.26, 291123200, 16725889024, 0.13, 8724148224, 3576426496, 10, 3, 200, 108, 125192758,
2018-03-22 00:29:40, 0.0, 0, 76274616, 954466304, 261342016, 141099008, 4390, 5885630000000, 0.01, 0.27, 303902720, 16725889024, 0.08, 8724148224, 3576426496, 10, 4, 200, 108, 125252758,
2018-03-22 00:30:40, 0.0, 1, 78224816, 954466304, 261342016, 140836864, 4390, 5888310000000, 0.01, 0.28, 297496576, 16725889024, 0.24, 8724148224, 3576426496, 10, 4, 200, 108, 125312764,
2018-03-22 00:31:40, 0.0, 0, 75346160, 954466304, 261342016, 141164544, 4390, 5890670000000, 0.01, 0.25, 287887360, 16725889024, 0.29, 8724148224, 3576426496, 10, 4, 200, 108, 125372759,
2018-03-22 00:32:40, 0.0, 1, 53995680, 954466304, 261342016, 141164544, 4390, 5893170000000, 0.01, 0.25, 263925760, 16725889024, 0.30, 8724148224, 3576426496, 10, 4, 200, 108, 125432771,
2018-03-22 00:33:40, 0.0, 0, 70695992, 954466304, 261342016, 141361152, 4390, 5895440000000, 0.01, 0.23, 268640256, 16725889024, 0.34, 8724148224, 3576426496, 10, 3, 200, 108, 125492760,
2018-03-22 00:34:40, 0.0, 1, 77088328, 954466304, 261342016, 141295616, 4390, 5898070000000, 0.01, 0.26, 288456704, 16725889024, 0.28, 8724148224, 3576426496, 10, 3, 200, 108, 125552761,
2018-03-22 00:35:40, 0.0, 0, 91888216, 954466304, 261342016, 141426688, 4390, 5900430000000, 0.01, 0.24, 300486656, 16725889024, 0.31, 8724148224, 3576426496, 10, 3, 200, 108, 125612756,
2018-03-22 00:36:40, 0.0, 1, 61167008, 954466304, 261342016, 142082048, 4390, 5903020000000, 0.01, 0.26, 297750528, 16725889024, 0.26, 8724148224, 3576426496, 10, 3, 200, 108, 125672756,
2018-03-22 00:37:40, 0.0, 1, 97687800, 954466304, 261342016, 142213120, 4390, 5905450000000, 0.01, 0.25, 276164608, 16725889024, 0.17, 8724148224, 3576426496, 10, 3, 200, 108, 125732755,
2018-03-22 00:38:40, 0.0, 0, 74438576, 954466304, 261342016, 142016512, 4390, 5907840000000, 0.01, 0.25, 276299776, 16725889024, 0.14, 8724148224, 3576426496, 10, 3, 200, 108, 125792755,
2018-03-22 00:39:40, 0.0, 1, 89873504, 954466304, 261342016, 142278656, 4390, 5910250000000, 0.01, 0.26, 266760192, 16725889024, 0.40, 8724148224, 3576426496, 10, 3, 200, 108, 125852756,
2018-03-22 00:40:40, 0.0, 1, 76317584, 954466304, 261342016, 142475264, 4390, 5912810000000, 0.01, 0.28, 268451840, 16725889024, 0.23, 8724148224, 3576426496, 10, 3, 200, 108, 125912758,
2018-03-22 00:41:40, 0.0, 0, 55423568, 954466304, 261342016, 142344192, 4390, 5915210000000, 0.01, 0.25, 244514816, 16725889024, 0.54, 8724148224, 3576426496, 10, 3, 200, 108, 125972762,
2018-03-22 00:42:40, 0.0, 1, 83905496, 954466304, 261342016, 142671872, 4390, 5917670000000, 0.01, 0.26, 299540480, 16725889024, 0.42, 8724148224, 3576426496, 10, 3, 200, 108, 126032756,
2018-03-22 00:43:40, 0.0, 1, 85549560, 954466304, 261342016, 142934016, 4390, 5920220000000, 0.01, 0.25, 297148416, 16725889024, 0.38, 8724148224, 3576426496, 10, 3, 200, 108, 126092760,
2018-03-22 00:44:40, 0.0, 1, 93343624, 954466304, 261342016, 142934016, 4390, 5922620000000, 0.01, 0.24, 287408128, 16725889024, 0.30, 8724148224, 3576426496, 10, 3, 200, 108, 126152756,
2018-03-22 00:45:40, 0.0, 1, 85267072, 954466304, 261342016, 142671872, 4390, 5925190000000, 0.01, 0.26, 280428544, 16725889024, 0.39, 8724148224, 3576426496, 10, 3, 200, 108, 126212756,
2018-03-22 00:46:40, 0.0, 0, 75511984, 954466304, 261342016, 142671872, 4390, 5927580000000, 0.01, 0.24, 266080256, 16725889024, 0.20, 8724148224, 3576426496, 10, 3, 200, 108, 126272758,
2018-03-22 00:47:40, 0.0, 1, 64913480, 954466304, 261342016, 142082048, 4390, 5930110000000, 0.01, 0.25, 294035456, 16725889024, 0.18, 8724148224, 3576426496, 10, 3, 200, 108, 126332757,
2018-03-22 00:48:40, 0.0, 0, 75773912, 954466304, 261342016, 142540800, 4390, 5932490000000, 0.01, 0.26, 285908992, 16725889024, 0.07, 8724148224, 3576426496, 10, 3, 200, 108, 126392756,
2018-03-22 00:49:40, 0.0, 1, 60771096, 954466304, 261342016, 142278656, 4390, 5934920000000, 0.01, 0.25, 274608128, 16725889024, 0.08, 8724148224, 3576426496, 10, 3, 200, 108, 126452756,
2018-03-22 00:50:40, 0.0, 1, 103053664, 954466304, 261342016, 142409728, 4390, 5937410000000, 0.01, 0.25, 295661568, 16725889024, 0.21, 8724148224, 3576426496, 10, 3, 200, 108, 126512759,
2018-03-22 00:51:40, 0.0, 1, 99117432, 954466304, 261342016, 142147584, 4390, 5939980000000, 0.01, 0.30, 269643776, 16725889024, 0.45, 8724148224, 3576426496, 10, 3, 200, 108, 126572758,
2018-03-22 00:52:40, 0.0, 1, 84469360, 954466304, 261342016, 142082048, 4390, 5942390000000, 0.01, 0.25, 259690496, 16725889024, 0.24, 8724148224, 3576426496, 10, 3, 200, 108, 126632755,
2018-03-22 00:53:40, 0.0, 1, 109946592, 954466304, 261342016, 142082048, 4390, 5944850000000, 0.01, 0.24, 314593280, 16725889024, 0.22, 8724148224, 3576426496, 10, 3, 200, 108, 126692761,
2018-03-22 00:54:40, 0.0, 1, 99470840, 954466304, 261342016, 141885440, 4390, 5947400000000, 0.01, 0.26, 261156864, 16725889024, 0.12, 8724148224, 3576426496, 10, 3, 200, 108, 126752757,
2018-03-22 00:55:40, 0.0, 1, 86385744, 954466304, 261342016, 141885440, 4390, 5949900000000, 0.01, 0.25, 270143488, 16725889024, 0.21, 8724148224, 3576426496, 10, 3, 200, 108, 126812755,
2018-03-22 00:56:40, 0.0, 0, 110461368, 954466304, 261342016, 142147584, 4390, 5952280000000, 0.01, 0.24, 262057984, 16725889024, 0.34, 8724148224, 3576426496, 10, 3, 200, 108, 126872757,
2018-03-22 00:57:40, 0.0, 1, 83911048, 954466304, 261342016, 142147584, 4390, 5954740000000, 0.01, 0.26, 282595328, 16725889024, 0.33, 8724148224, 3576426496, 10, 3, 200, 108, 126932762,
2018-03-22 00:58:40, 0.0, 1, 89565024, 954466304, 261342016, 142082048, 4390, 5957230000000, 0.01, 0.24, 264192000, 16725889024, 0.49, 8724148224, 3576426496, 10, 3, 200, 108, 126992756,
2018-03-22 00:59:40, 0.0, 0, 105277736, 954466304, 261342016, 142606336, 4390, 5959610000000, 0.01, 0.25, 262541312, 16725889024, 0.26, 8724148224, 3576426496, 10, 3, 200, 108, 127052757,
2018-03-22 01:00:40, 0.0, 1, 75430328, 954466304, 261342016, 142475264, 4390, 5962210000000, 0.01, 0.26, 315125760, 16725889024, 0.32, 8724148224, 3576426496, 10, 3, 200, 108, 127112767,
2018-03-22 01:01:40, 0.0, 1, 94487104, 954466304, 261342016, 142802944, 4390, 5964650000000, 0.01, 0.25, 281714688, 16725889024, 0.44, 8724148224, 3576426496, 10, 3, 200, 108, 127172763,
2018-03-22 01:02:40, 0.0, 1, 97465856, 954466304, 261342016, 143327232, 4390, 5967300000000, 0.01, 0.28, 301928448, 16725889024, 0.19, 8724148224, 3576426496, 10, 3, 200, 108, 127232755,
2018-03-22 01:03:40, 0.0, 1, 72710696, 954466304, 261342016, 142802944, 4390, 5969740000000, 0.01, 0.27, 285339648, 16725889024, 0.43, 8724148224, 3576426496, 10, 3, 200, 108, 127292763,
2018-03-22 01:04:40, 0.0, 1, 85643272, 954466304, 261342016, 143130624, 4390, 5972220000000, 0.01, 0.24, 312705024, 16725889024, 0.38, 8724148224, 3576426496, 10, 3, 200, 108, 127352757,
2018-03-22 01:05:40, 0.0, 1, 106560384, 954466304, 261342016, 143458304, 4390, 5974620000000, 0.01, 0.25, 304173056, 16725889024, 0.18, 8724148224, 3576426496, 10, 3, 200, 108, 127412759,
2018-03-22 01:06:40, 0.0, 1, 97197112, 954466304, 261342016, 141950976, 4390, 5977220000000, 0.01, 0.26, 323887104, 16725889024, 0.24, 8724148224, 3576426496, 10, 3, 200, 108, 127472757,
2018-03-22 01:07:40, 0.0, 1, 82981664, 954466304, 261342016, 143130624, 4390, 5979660000000, 0.01, 0.24, 308277248, 16725889024, 0.27, 8724148224, 3576426496, 10, 3, 200, 108, 127532757,
2018-03-22 01:08:40, 0.0, 1, 114117288, 954466304, 261342016, 143130624, 4390, 5982190000000, 0.01, 0.25, 340115456, 16725889024, 0.41, 8724148224, 3576426496, 10, 3, 200, 108, 127592760,
2018-03-22 01:09:40, 0.0, 1, 76352360, 954466304, 261342016, 143196160, 4390, 5984660000000, 0.01, 0.26, 297730048, 16725889024, 0.24, 8724148224, 3576426496, 10, 3, 200, 108, 127652763,
2018-03-22 01:10:40, 0.0, 1, 93016880, 954466304, 261342016, 143327232, 4390, 5987070000000, 0.01, 0.24, 281399296, 16725889024, 0.15, 8724148224, 3576426496, 10, 3, 200, 108, 127712772,
2018-03-22 01:11:40, 0.0, 1, 78460168, 954466304, 261342016, 143261696, 4390, 5989640000000, 0.01, 0.26, 310816768, 16725889024, 0.12, 8724148224, 3576426496, 10, 3, 200, 108, 127772763,
2018-03-22 01:12:40, 0.0, 1, 104367040, 954466304, 261342016, 143523840, 4390, 5992130000000, 0.01, 0.29, 284119040, 16725889024, 0.29, 8724148224, 3576426496, 10, 3, 200, 108, 127832761,
2018-03-22 01:13:40, 0.0, 1, 73819384, 954466304, 261342016, 143654912, 4390, 5994580000000, 0.01, 0.25, 289411072, 16725889024, 0.10, 8724148224, 3576426496, 10, 3, 200, 108, 127892762,
2018-03-22 01:14:40, 0.9, 2, 146783288, 954466304, 261342016, 219938816, 4391, 6001230000000, 0.03, 0.32, 255291392, 16725889024, 0.36, 8724148224, 3576426496, 12, 6, 200, 109, 127952770,
2018-03-22 01:15:40, 0.0, 1, 130093456, 954466304, 261342016, 223608832, 4391, 6004220000000, 0.01, 0.32, 267538432, 16725889024, 0.20, 8724148224, 3576426496, 12, 3, 200, 109, 128012762,
2018-03-22 01:16:40, 0.0, 1, 114807248, 954466304, 261342016, 207159296, 4391, 6006860000000, 0.01, 0.27, 252366848, 16725889024, 0.12, 8724148224, 3576426496, 12, 3, 200, 109, 128072757,
2018-03-22 01:17:40, 0.0, 1, 123378872, 954466304, 261342016, 219348992, 4391, 6009820000000, 0.01, 0.32, 222244864, 16725889024, 0.08, 8724148224, 3576426496, 12, 4, 200, 109, 128132768,
2018-03-22 01:18:40, 0.0, 1, 158711896, 954466304, 261342016, 208404480, 4391, 6012850000000, 0.01, 0.29, 280449024, 16725889024, 0.11, 8724148224, 3576426496, 12, 3, 200, 109, 128192758,
2018-03-22 01:19:40, 0.0, 1, 130060472, 954466304, 261342016, 214695936, 4391, 6015540000000, 0.01, 0.30, 260837376, 16725889024, 0.36, 8724148224, 3576426496, 12, 3, 200, 109, 128252756,
2018-03-22 01:20:40, 0.0, 1, 127391408, 954466304, 261342016, 208797696, 4391, 6018440000000, 0.01, 0.29, 258707456, 16725889024, 0.28, 8724148224, 3576426496, 12, 3, 200, 109, 128312758,
2018-03-22 01:21:40, 0.0, 1, 145982576, 954466304, 261342016, 212271104, 4391, 6021480000000, 0.01, 0.34, 265424896, 16725889024, 0.42, 8724148224, 3576426496, 12, 3, 200, 109, 128372768,
2018-03-22 01:22:40, 0.0, 1, 139763088, 954466304, 261342016, 209190912, 4391, 6024250000000, 0.01, 0.28, 255991808, 16725889024, 0.28, 8724148224, 3576426496, 12, 4, 200, 109, 128432762,
2018-03-22 01:23:40, 0.0, 1, 176229016, 954466304, 261342016, 209125376, 4391, 6026960000000, 0.01, 0.31, 248864768, 16725889024, 0.17, 8724148224, 3576426496, 12, 4, 200, 109, 128492766,
2018-03-22 01:24:40, 0.0, 1, 169616304, 954466304, 261342016, 211091456, 4391, 6029860000000, 0.01, 0.31, 312504320, 16725889024, 0.10, 8724148224, 3576426496, 12, 4, 200, 109, 128552757,
2018-03-22 01:25:40, 0.0, 1, 153603608, 954466304, 261342016, 211222528, 4391, 6032620000000, 0.01, 0.28, 306221056, 16725889024, 0.38, 8724148224, 3576426496, 12, 4, 200, 109, 128612769,
2018-03-22 01:26:40, 0.0, 1, 148040456, 954466304, 261342016, 211156992, 4391, 6035470000000, 0.01, 0.30, 288407552, 16725889024, 0.45, 8724148224, 3576426496, 12, 4, 200, 109, 128672759,
2018-03-22 01:27:40, 0.0, 1, 136925712, 954466304, 261342016, 211419136, 4391, 6038260000000, 0.01, 0.29, 305872896, 16725889024, 0.32, 8724148224, 3576426496, 12, 4, 200, 109, 128732763,
2018-03-22 01:28:40, 0.0, 1, 123619640, 954466304, 261342016, 211222528, 4391, 6041080000000, 0.01, 0.28, 280301568, 16725889024, 0.34, 8724148224, 3576426496, 12, 4, 200, 109, 128792758,
2018-03-22 01:29:40, 0.0, 1, 180185472, 954466304, 261342016, 211091456, 4391, 6043850000000, 0.01, 0.30, 306270208, 16725889024, 0.35, 8724148224, 3576426496, 12, 4, 200, 109, 128852760,
2018-03-22 01:30:40, 0.0, 1, 161495680, 954466304, 261342016, 211156992, 4391, 6046590000000, 0.01, 0.28, 280293376, 16725889024, 0.35, 8724148224, 3576426496, 12, 4, 200, 109, 128912768,
2018-03-22 01:31:40, 0.0, 1, 150326592, 954466304, 261342016, 211025920, 4391, 6049430000000, 0.01, 0.30, 276041728, 16725889024, 0.23, 8724148224, 3576426496, 12, 4, 200, 109, 128972761,
2018-03-22 01:32:40, 0.0, 1, 132753144, 954466304, 261342016, 211025920, 4391, 6052210000000, 0.01, 0.28, 260952064, 16725889024, 0.17, 8724148224, 3576426496, 11, 4, 200, 109, 129032765,
2018-03-22 01:33:40, 0.0, 1, 122931064, 954466304, 261342016, 211091456, 4391, 6055050000000, 0.01, 0.29, 234582016, 16725889024, 0.27, 8724148224, 3576426496, 11, 4, 200, 109, 129092774,
2018-03-22 01:34:40, 0.0, 1, 113891472, 954466304, 261342016, 211091456, 4391, 6058030000000, 0.01, 0.34, 269643776, 16725889024, 0.26, 8724148224, 3576426496, 11, 4, 200, 109, 129152761,
2018-03-22 01:35:40, 0.0, 1, 134468448, 954466304, 261342016, 211288064, 4391, 6061140000000, 0.01, 0.32, 280670208, 16725889024, 0.35, 8724148224, 3576426496, 11, 3, 200, 109, 129212759,
2018-03-22 01:36:40, 0.0, 1, 153598144, 954466304, 261342016, 211353600, 4391, 6064340000000, 0.01, 0.35, 297054208, 16725889024, 0.47, 8724148224, 3576426496, 11, 4, 200, 109, 129272759,
2018-03-22 01:37:40, 0.0, 1, 128919336, 954466304, 261342016, 211484672, 4391, 6066960000000, 0.01, 0.25, 250896384, 16725889024, 0.23, 8724148224, 3576426496, 10, 4, 200, 109, 129332771,
2018-03-22 01:38:40, 0.0, 1, 175308616, 954466304, 261342016, 211812352, 4391, 6069790000000, 0.01, 0.29, 236138496, 16725889024, 0.47, 8724148224, 3576426496, 10, 4, 200, 109, 129392786,
2018-03-22 01:39:40, 0.0, 1, 176680656, 954466304, 261342016, 211943424, 4391, 6072620000000, 0.01, 0.28, 217747456, 16725889024, 0.37, 8724148224, 3576426496, 10, 4, 200, 109, 129452766,
2018-03-22 01:40:40, 0.0, 1, 144658376, 954466304, 261342016, 212140032, 4391, 6075440000000, 0.01, 0.28, 258453504, 16725889024, 0.18, 8724148224, 3576426496, 10, 4, 200, 109, 129512765,
2018-03-22 01:41:40, 0.0, 1, 134969512, 954466304, 261342016, 212074496, 4391, 6078310000000, 0.01, 0.30, 280014848, 16725889024, 0.20, 8724148224, 3576426496, 10, 4, 200, 109, 129572762,
2018-03-22 01:42:40, 0.0, 1, 135158864, 954466304, 261342016, 212074496, 4391, 6081310000000, 0.01, 0.29, 247746560, 16725889024, 0.23, 8724148224, 3576426496, 10, 5, 200, 109, 129632775,
2018-03-22 01:43:40, 0.0, 1, 180303944, 954466304, 261342016, 213057536, 4391, 6084010000000, 0.01, 0.28, 253059072, 16725889024, 0.14, 8724148224, 3576426496, 10, 4, 200, 109, 129692783,
2018-03-22 01:44:40, 0.0, 1, 164293184, 954466304, 261342016, 214171648, 4391, 6086870000000, 0.01, 0.31, 231780352, 16725889024, 0.05, 8724148224, 3576426496, 10, 4, 200, 109, 129752760,
2018-03-22 01:45:40, 0.0, 1, 143347976, 954466304, 261342016, 214040576, 4391, 6089710000000, 0.01, 0.30, 234708992, 16725889024, 0.33, 8724148224, 3576426496, 10, 4, 200, 109, 129812789,
2018-03-22 01:46:40, 0.0, 1, 129445472, 954466304, 261342016, 213843968, 4391, 6092610000000, 0.01, 0.30, 289222656, 16725889024, 0.50, 8724148224, 3576426496, 10, 4, 200, 109, 129872772,
2018-03-22 01:47:40, 0.0, 1, 173155552, 954466304, 261342016, 213647360, 4391, 6095320000000, 0.01, 0.28, 264896512, 16725889024, 0.77, 8724148224, 3576426496, 10, 4, 200, 109, 129932761,
2018-03-22 01:48:40, 0.0, 1, 159135728, 954466304, 261342016, 213385216, 4391, 6098210000000, 0.01, 0.30, 257515520, 16725889024, 0.62, 8724148224, 3576426496, 10, 5, 200, 109, 129992793,
2018-03-22 01:49:40, 0.0, 1, 170963488, 954466304, 261342016, 213712896, 4391, 6101210000000, 0.01, 0.36, 272453632, 16725889024, 0.53, 8724148224, 3576426496, 10, 3, 200, 109, 130052757,
2018-03-22 01:50:40, 0.0, 1, 150303248, 954466304, 261342016, 213647360, 4391, 6104040000000, 0.01, 0.29, 256335872, 16725889024, 0.43, 8724148224, 3576426496, 10, 3, 200, 109, 130112757,
2018-03-22 01:51:40, 0.0, 1, 130895480, 954466304, 261342016, 213909504, 4391, 6106860000000, 0.01, 0.30, 238059520, 16725889024, 0.41, 8724148224, 3576426496, 10, 3, 200, 109, 130172757,
2018-03-22 01:52:40, 0.0, 1, 170730496, 954466304, 261342016, 214958080, 4391, 6109550000000, 0.01, 0.28, 242507776, 16725889024, 0.44, 8724148224, 3576426496, 10, 3, 200, 109, 130232762,
2018-03-22 01:53:40, 0.0, 1, 178194136, 954466304, 261342016, 214630400, 4391, 6112630000000, 0.01, 0.32, 264470528, 16725889024, 0.49, 8724148224, 3576426496, 10, 4, 200, 109, 130292761,
2018-03-22 01:54:40, 0.0, 1, 148922272, 954466304, 261342016, 214564864, 4391, 6115600000000, 0.01, 0.29, 246358016, 16725889024, 0.39, 8724148224, 3576426496, 10, 4, 200, 109, 130352772,
2018-03-22 01:55:40, 0.0, 1, 132113088, 954466304, 261342016, 214695936, 4391, 6118980000000, 0.01, 0.38, 246288384, 16725889024, 0.59, 8724148224, 3576426496, 10, 3, 200, 109, 130412757,
2018-03-22 01:56:40, 0.0, 1, 151565024, 954466304, 261342016, 215089152, 4391, 6121530000000, 0.01, 0.27, 220803072, 16725889024, 0.21, 8724148224, 3576426496, 10, 4, 200, 109, 130472759,
2018-03-22 01:57:40, 0.0, 1, 136242840, 954466304, 261342016, 214892544, 4391, 6124360000000, 0.01, 0.27, 247795712, 16725889024, 0.39, 8724148224, 3576426496, 10, 4, 200, 109, 130532763,
2018-03-22 01:58:40, 0.0, 1, 176993512, 954466304, 261342016, 214892544, 4391, 6127440000000, 0.01, 0.30, 227602432, 16725889024, 0.18, 8724148224, 3576426496, 10, 3, 200, 109, 130592764,
2018-03-22 01:59:40, 1.9, 6, 245464440, 954466304, 261342016, 366804992, 4396, 6142990000000, 0.07, 0.32, 165003264, 16725889024, 1.21, 8724148224, 3576426496, 10, 4, 200, 106, 130652777,
2018-03-22 02:00:40, 0.7, 2, 213883784, 954466304, 261342016, 473300992, 4396, 6148690000000, 0.02, 0.21, 194187264, 16725889024, 0.67, 8724148224, 3576426496, 10, 3, 200, 106, 130712760,
2018-03-22 02:01:40, 0.0, 0, 126403656, 954466304, 261342016, 485163008, 4396, 6150520000000, 0.01, 0.20, 189616128, 16725889024, 0.28, 8724148224, 3576426496, 10, 3, 200, 106, 130772759,
2018-03-22 02:02:40, 0.0, 0, 225228024, 954466304, 261342016, 488112128, 4396, 6152490000000, 0.01, 0.19, 187195392, 16725889024, 0.10, 8724148224, 3576426496, 10, 2, 200, 106, 130832758,
2018-03-22 02:03:40, 0.0, 0, 289453400, 954466304, 261342016, 491257856, 4396, 6154280000000, 0.01, 0.18, 216756224, 16725889024, 0.31, 8724148224, 3576426496, 10, 2, 200, 106, 130892758,
2018-03-22 02:04:40, 0.0, 0, 154691664, 954466304, 261342016, 493289472, 4396, 6156060000000, 0.01, 0.18, 215257088, 16725889024, 0.29, 8724148224, 3576426496, 10, 2, 200, 106, 130952758,
2018-03-22 02:05:40, 0.0, 0, 210572664, 954466304, 261342016, 497614848, 4396, 6157960000000, 0.01, 0.20, 206495744, 16725889024, 0.10, 8724148224, 3576426496, 10, 2, 200, 106, 131012756,
2018-03-22 02:06:40, 0.0, 0, 270962008, 954466304, 261342016, 491454464, 4396, 6159890000000, 0.01, 0.23, 221437952, 16725889024, 0.31, 8724148224, 3576426496, 10, 2, 200, 106, 131072759,
2018-03-22 02:07:40, 0.0, 0, 308909608, 954466304, 261342016, 495845376, 4396, 6161610000000, 0.01, 0.17, 221470720, 16725889024, 0.19, 8724148224, 3576426496, 10, 2, 200, 106, 131132756,
2018-03-22 02:08:40, 0.0, 0, 152963576, 954466304, 261342016, 430833664, 4396, 6163440000000, 0.01, 0.18, 220573696, 16725889024, 0.24, 8724148224, 3576426496, 10, 2, 200, 106, 131192758,
2018-03-22 02:09:40, 0.0, 0, 192514872, 954466304, 261342016, 483852288, 4396, 6165190000000, 0.01, 0.19, 220794880, 16725889024, 0.37, 8724148224, 3576426496, 10, 2, 200, 106, 131252761,
2018-03-22 02:10:40, 0.0, 0, 235311744, 954466304, 261342016, 432603136, 4396, 6167040000000, 0.01, 0.19, 187576320, 16725889024, 0.47, 8724148224, 3576426496, 10, 2, 200, 106, 131312756,
2018-03-22 02:11:40, 0.0, 0, 274489536, 954466304, 261342016, 479199232, 4396, 6168810000000, 0.01, 0.18, 187170816, 16725889024, 0.23, 8724148224, 3576426496, 10, 2, 200, 106, 131372756,
2018-03-22 02:12:40, 0.0, 0, 310792504, 954466304, 261342016, 433520640, 4396, 6170590000000, 0.01, 0.18, 241754112, 16725889024, 0.35, 8724148224, 3576426496, 10, 2, 200, 106, 131432760,
2018-03-22 02:13:40, 0.0, 0, 156694784, 954466304, 261342016, 434241536, 4396, 6172500000000, 0.01, 0.18, 240955392, 16725889024, 0.13, 8724148224, 3576426496, 10, 2, 200, 106, 131492762,
2018-03-22 02:14:40, 0.0, 0, 195853552, 954466304, 261342016, 469630976, 4396, 6174330000000, 0.01, 0.20, 187080704, 16725889024, 0.31, 8724148224, 3576426496, 10, 2, 200, 106, 131552758,
2018-03-22 02:15:40, 0.0, 0, 229475544, 954466304, 261342016, 434569216, 4396, 6176110000000, 0.01, 0.19, 215011328, 16725889024, 0.17, 8724148224, 3576426496, 10, 2, 200, 106, 131612762,
2018-03-22 02:16:40, 0.0, 0, 254404976, 954466304, 261342016, 465895424, 4396, 6177910000000, 0.01, 0.20, 184684544, 16725889024, 0.28, 8724148224, 3576426496, 10, 2, 200, 106, 131672758,
2018-03-22 02:17:40, 0.0, 0, 297545056, 954466304, 261342016, 434831360, 4396, 6179790000000, 0.01, 0.19, 213606400, 16725889024, 0.15, 8724148224, 3576426496, 10, 2, 200, 106, 131732761,
2018-03-22 02:18:40, 0.0, 0, 144318824, 954466304, 261342016, 435027968, 4396, 6181620000000, 0.01, 0.19, 228065280, 16725889024, 0.33, 8724148224, 3576426496, 10, 2, 200, 106, 131792767,
2018-03-22 02:19:40, 0.0, 0, 165139064, 954466304, 261342016, 458489856, 4396, 6183380000000, 0.01, 0.19, 230457344, 16725889024, 0.12, 8724148224, 3576426496, 10, 2, 200, 106, 131852762,
2018-03-22 02:20:40, 0.0, 0, 222128456, 954466304, 261342016, 436469760, 4396, 6185250000000, 0.01, 0.19, 225370112, 16725889024, 0.35, 8724148224, 3576426496, 10, 2, 200, 106, 131912759,
2018-03-22 02:21:40, 0.0, 0, 263896408, 954466304, 261342016, 455278592, 4396, 6187050000000, 0.01, 0.18, 265883648, 16725889024, 0.26, 8724148224, 3576426496, 10, 2, 200, 106, 131972757,
2018-03-22 02:22:40, 0.0, 0, 295453792, 954466304, 261342016, 435486720, 4396, 6188810000000, 0.01, 0.18, 267431936, 16725889024, 0.36, 8724148224, 3576426496, 10, 2, 200, 106, 132032760,
2018-03-22 02:23:40, 0.0, 0, 131678752, 954466304, 261342016, 436535296, 4396, 6190660000000, 0.01, 0.19, 271937536, 16725889024, 0.13, 8724148224, 3576426496, 10, 2, 200, 106, 132092757,
2018-03-22 02:24:40, 0.0, 0, 148227456, 954466304, 261342016, 450232320, 4396, 6192400000000, 0.01, 0.19, 268431360, 16725889024, 0.24, 8724148224, 3576426496, 10, 2, 200, 106, 132152774,
2018-03-22 02:25:40, 0.0, 0, 189242096, 954466304, 261342016, 435486720, 4396, 6194240000000, 0.01, 0.18, 243671040, 16725889024, 0.27, 8724148224, 3576426496, 10, 2, 200, 106, 132212760,
2018-03-22 02:26:40, 0.0, 0, 241342488, 954466304, 261342016, 448331776, 4396, 6196080000000, 0.01, 0.18, 277336064, 16725889024, 0.15, 8724148224, 3576426496, 10, 2, 200, 106, 132272765,
2018-03-22 02:27:40, 0.0, 0, 290740568, 954466304, 261342016, 435945472, 4396, 6197980000000, 0.01, 0.22, 279732224, 16725889024, 0.21, 8724148224, 3576426496, 10, 2, 200, 106, 132332759,
2018-03-22 02:28:40, 0.0, 0, 314681576, 954466304, 261342016, 446627840, 4396, 6199700000000, 0.01, 0.19, 250679296, 16725889024, 0.48, 8724148224, 3576426496, 10, 2, 200, 106, 132392757,
2018-03-22 02:29:40, 0.0, 0, 147801664, 954466304, 261342016, 445120512, 4396, 6201550000000, 0.01, 0.19, 269852672, 16725889024, 0.61, 8724148224, 3576426496, 10, 2, 200, 106, 132452757,
2018-03-22 02:30:40, 0.0, 0, 196794688, 954466304, 261342016, 437977088, 4396, 6203430000000, 0.01, 0.18, 270352384, 16725889024, 0.31, 8724148224, 3576426496, 10, 2, 200, 106, 132512757,
2018-03-22 02:31:40, 0.0, 0, 219793144, 954466304, 261342016, 444137472, 4396, 6205170000000, 0.01, 0.18, 301555712, 16725889024, 0.11, 8724148224, 3576426496, 10, 2, 200, 106, 132572756,
2018-03-22 02:32:40, 0.0, 0, 256949672, 954466304, 261342016, 436273152, 4396, 6206990000000, 0.01, 0.18, 301858816, 16725889024, 0.25, 8724148224, 3576426496, 10, 2, 200, 106, 132632757,
2018-03-22 02:33:40, 0.0, 0, 297233648, 954466304, 261342016, 443023360, 4396, 6208810000000, 0.01, 0.20, 302571520, 16725889024, 0.44, 8724148224, 3576426496, 10, 2, 200, 106, 132692756,
2018-03-22 02:34:40, 0.0, 0, 126436984, 954466304, 261342016, 441909248, 4396, 6210610000000, 0.01, 0.18, 271622144, 16725889024, 0.36, 8724148224, 3576426496, 10, 2, 200, 106, 132752758,
2018-03-22 02:35:40, 0.0, 0, 160381248, 954466304, 261342016, 435945472, 4396, 6212410000000, 0.01, 0.18, 303452160, 16725889024, 0.44, 8724148224, 3576426496, 10, 2, 200, 106, 132812757,
2018-03-22 02:36:40, 0.0, 0, 209517528, 954466304, 261342016, 441188352, 4396, 6214300000000, 0.01, 0.18, 303276032, 16725889024, 0.36, 8724148224, 3576426496, 10, 2, 200, 106, 132872758,
2018-03-22 02:37:40, 0.0, 0, 222177240, 954466304, 261342016, 436142080, 4396, 6216070000000, 0.01, 0.19, 256098304, 16725889024, 0.13, 8724148224, 3576426496, 10, 2, 200, 106, 132932773,
2018-03-22 02:38:40, 0.0, 0, 290865544, 954466304, 261342016, 440795136, 4396, 6218140000000, 0.01, 0.22, 248078336, 16725889024, 0.15, 8724148224, 3576426496, 10, 3, 200, 106, 132992758,
2018-03-22 02:39:40, 0.0, 0, 314553408, 954466304, 261342016, 436600832, 4396, 6219840000000, 0.01, 0.18, 264216576, 16725889024, 0.09, 8724148224, 3576426496, 10, 2, 200, 106, 133052756,
2018-03-22 02:40:40, 0.0, 0, 153041496, 954466304, 261342016, 436928512, 4396, 6221990000000, 0.01, 0.23, 299356160, 16725889024, 0.45, 8724148224, 3576426496, 10, 3, 200, 106, 133112770,
2018-03-22 02:41:40, 0.0, 0, 208235688, 954466304, 261342016, 440008704, 4396, 6224050000000, 0.01, 0.22, 266797056, 16725889024, 0.51, 8724148224, 3576426496, 10, 3, 200, 106, 133172769,
2018-03-22 02:42:40, 0.0, 0, 272979192, 954466304, 261342016, 436273152, 4396, 6226020000000, 0.01, 0.25, 271503360, 16725889024, 0.41, 8724148224, 3576426496, 10, 2, 200, 106, 133232757,
2018-03-22 02:43:40, 0.0, 0, 323616328, 954466304, 261342016, 439812096, 4396, 6228130000000, 0.01, 0.22, 255700992, 16725889024, 0.20, 8724148224, 3576426496, 10, 3, 200, 106, 133292770,
2018-03-22 02:44:40, 0.0, 0, 171689568, 954466304, 261342016, 439484416, 4396, 6230280000000, 0.01, 0.23, 257875968, 16725889024, 0.11, 8724148224, 3576426496, 10, 3, 200, 106, 133352758,
2018-03-22 02:45:40, 0.0, 0, 195609080, 954466304, 261342016, 436862976, 4396, 6231900000000, 0.01, 0.21, 265654272, 16725889024, 0.19, 8724148224, 3576426496, 10, 2, 200, 106, 133412762,
2018-03-22 02:46:40, 0.0, 0, 268583264, 954466304, 261342016, 439287808, 4396, 6234270000000, 0.01, 0.25, 258932736, 16725889024, 0.11, 8724148224, 3576426496, 10, 3, 200, 106, 133472761,
2018-03-22 02:47:40, 0.0, 0, 128303328, 954466304, 261342016, 439156736, 4396, 6236440000000, 0.01, 0.26, 276140032, 16725889024, 0.41, 8724148224, 3576426496, 10, 3, 200, 106, 133532763,
2018-03-22 02:48:40, 0.0, 0, 178736728, 954466304, 261342016, 439287808, 4396, 6238440000000, 0.01, 0.25, 271912960, 16725889024, 0.40, 8724148224, 3576426496, 10, 3, 200, 106, 133592772,
2018-03-22 02:49:40, 0.0, 0, 227640424, 954466304, 261342016, 439025664, 4396, 6240530000000, 0.01, 0.25, 253538304, 16725889024, 0.47, 8724148224, 3576426496, 10, 3, 200, 106, 133652767,
2018-03-22 02:50:40, 0.0, 0, 305703872, 954466304, 261342016, 439156736, 4396, 6242710000000, 0.01, 0.22, 250540032, 16725889024, 0.43, 8724148224, 3576426496, 10, 3, 200, 106, 133712765,
2018-03-22 02:51:40, 0.0, 0, 150593968, 954466304, 261342016, 439025664, 4396, 6244730000000, 0.01, 0.25, 245886976, 16725889024, 0.34, 8724148224, 3576426496, 10, 2, 200, 106, 133772756,
2018-03-22 02:52:40, 0.0, 0, 160971760, 954466304, 261342016, 438763520, 4396, 6246530000000, 0.01, 0.22, 214368256, 16725889024, 0.27, 8724148224, 3576426496, 10, 2, 200, 106, 133832758,
2018-03-22 02:53:40, 0.0, 0, 248099472, 954466304, 261342016, 438894592, 4396, 6248880000000, 0.01, 0.22, 238936064, 16725889024, 0.35, 8724148224, 3576426496, 10, 3, 200, 106, 133892756,
2018-03-22 02:54:40, 0.0, 0, 277320848, 954466304, 261342016, 438960128, 4396, 6250760000000, 0.01, 0.18, 269619200, 16725889024, 0.41, 8724148224, 3576426496, 10, 3, 200, 106, 133952756,
2018-03-22 02:55:40, 0.0, 0, 131093232, 954466304, 261342016, 438108160, 4396, 6252880000000, 0.01, 0.27, 225357824, 16725889024, 0.27, 8724148224, 3576426496, 10, 2, 200, 106, 134012761,
2018-03-22 02:56:40, 0.0, 0, 165453816, 954466304, 261342016, 439091200, 4396, 6254740000000, 0.01, 0.23, 268722176, 16725889024, 0.31, 8724148224, 3576426496, 10, 2, 200, 106, 134072757,
2018-03-22 02:57:40, 0.0, 0, 198568264, 954466304, 261342016, 438894592, 4396, 6256590000000, 0.01, 0.18, 329793536, 16725889024, 0.23, 8724148224, 3576426496, 10, 2, 200, 106, 134132759,
2018-03-22 02:58:40, 0.0, 0, 238204584, 954466304, 261342016, 439025664, 4396, 6258470000000, 0.01, 0.19, 296026112, 16725889024, 0.51, 8724148224, 3576426496, 10, 2, 200, 106, 134192756,
2018-03-22 02:59:40, 0.0, 0, 266081432, 954466304, 261342016, 438435840, 4396, 6260310000000, 0.01, 0.23, 304136192, 16725889024, 0.32, 8724148224, 3576426496, 10, 2, 200, 106, 134252756,
2018-03-22 03:00:40, 0.0, 0, 297227424, 954466304, 261342016, 439025664, 4396, 6262200000000, 0.01, 0.20, 293437440, 16725889024, 0.12, 8724148224, 3576426496, 10, 2, 200, 106, 134312756,
2018-03-22 03:01:40, 0.0, 0, 121904560, 954466304, 261342016, 438763520, 4396, 6264050000000, 0.01, 0.18, 302698496, 16725889024, 0.12, 8724148224, 3576426496, 10, 2, 200, 106, 134372762,
2018-03-22 03:02:40, 0.0, 0, 156007456, 954466304, 261342016, 438501376, 4396, 6265900000000, 0.01, 0.18, 294367232, 16725889024, 0.31, 8724148224, 3576426496, 10, 2, 200, 106, 134432757,
2018-03-22 03:03:40, 0.0, 0, 191244160, 954466304, 261342016, 436600832, 4396, 6267800000000, 0.01, 0.19, 332193792, 16725889024, 0.50, 8724148224, 3576426496, 10, 2, 200, 106, 134492761,
2018-03-22 03:04:40, 0.0, 0, 221904968, 954466304, 261342016, 438370304, 4396, 6269630000000, 0.01, 0.19, 289648640, 16725889024, 0.56, 8724148224, 3576426496, 10, 2, 200, 106, 134552757,
2018-03-22 03:05:40, 0.0, 0, 261202832, 954466304, 261342016, 438435840, 4396, 6271550000000, 0.01, 0.18, 309178368, 16725889024, 0.44, 8724148224, 3576426496, 10, 2, 200, 106, 134612758,
2018-03-22 03:06:40, 0.0, 0, 292784808, 954466304, 261342016, 438304768, 4396, 6273400000000, 0.01, 0.18, 339779584, 16725889024, 0.27, 8724148224, 3576426496, 10, 2, 200, 106, 134672759,
2018-03-22 03:07:40, 0.0, 0, 313211872, 954466304, 261342016, 436338688, 4396, 6275140000000, 0.01, 0.18, 307744768, 16725889024, 0.24, 8724148224, 3576426496, 10, 2, 200, 106, 134732761,
2018-03-22 03:08:40, 0.0, 0, 145553192, 954466304, 261342016, 438239232, 4396, 6277090000000, 0.01, 0.19, 306966528, 16725889024, 0.14, 8724148224, 3576426496, 10, 2, 200, 106, 134792759,
2018-03-22 03:09:40, 0.0, 0, 152153368, 954466304, 261342016, 437977088, 4396, 6278810000000, 0.01, 0.21, 318361600, 16725889024, 0.24, 8724148224, 3576426496, 10, 2, 200, 106, 134852766,
2018-03-22 03:10:40, 0.0, 0, 204829840, 954466304, 261342016, 438108160, 4396, 6280800000000, 0.01, 0.20, 282701824, 16725889024, 0.08, 8724148224, 3576426496, 10, 2, 200, 106, 134912758,
2018-03-22 03:11:40, 0.0, 0, 234704072, 954466304, 261342016, 437977088, 4396, 6282600000000, 0.01, 0.18, 309489664, 16725889024, 0.19, 8724148224, 3576426496, 10, 2, 200, 106, 134972766,
2018-03-22 03:12:40, 0.0, 0, 266916072, 954466304, 261342016, 436469760, 4396, 6284460000000, 0.01, 0.19, 333832192, 16725889024, 0.34, 8724148224, 3576426496, 10, 2, 200, 106, 135032756,
2018-03-22 03:13:40, 0.0, 0, 298812664, 954466304, 261342016, 437846016, 4396, 6286280000000, 0.01, 0.19, 330780672, 16725889024, 0.35, 8724148224, 3576426496, 10, 2, 200, 106, 135092765,
2018-03-22 03:14:40, 0.0, 0, 130468512, 954466304, 261342016, 437780480, 4396, 6288350000000, 0.01, 0.22, 286584832, 16725889024, 0.34, 8724148224, 3576426496, 10, 3, 200, 106, 135152756,
2018-03-22 03:15:40, 0.0, 0, 187166200, 954466304, 261342016, 437846016, 4396, 6290340000000, 0.01, 0.21, 320335872, 16725889024, 0.24, 8724148224, 3576426496, 10, 2, 200, 106, 135212769,
2018-03-22 03:16:40, 0.0, 0, 224044440, 954466304, 261342016, 437452800, 4396, 6292180000000, 0.01, 0.20, 316391424, 16725889024, 0.22, 8724148224, 3576426496, 10, 2, 200, 106, 135272757,
2018-03-22 03:17:40, 0.0, 0, 245106912, 954466304, 261342016, 438173696, 4396, 6293980000000, 0.01, 0.20, 281403392, 16725889024, 0.21, 8724148224, 3576426496, 10, 2, 200, 106, 135332758,
2018-03-22 03:18:40, 0.0, 0, 278252896, 954466304, 261342016, 438042624, 4396, 6295770000000, 0.01, 0.20, 267415552, 16725889024, 0.29, 8724148224, 3576426496, 10, 2, 200, 106, 135392757,
2018-03-22 03:19:40, 0.0, 0, 303291488, 954466304, 261342016, 438239232, 4396, 6297570000000, 0.01, 0.19, 275165184, 16725889024, 0.31, 8724148224, 3576426496, 10, 2, 200, 106, 135452758,
2018-03-22 03:20:40, 0.0, 0, 324612752, 954466304, 261342016, 438108160, 4396, 6299430000000, 0.01, 0.23, 345214976, 16725889024, 0.30, 8724148224, 3576426496, 10, 2, 200, 106, 135512759,
2018-03-22 03:21:40, 0.0, 0, 142797512, 954466304, 261342016, 437977088, 4396, 6301240000000, 0.01, 0.20, 310980608, 16725889024, 0.24, 8724148224, 3576426496, 10, 2, 200, 106, 135572757,
2018-03-22 03:22:40, 0.0, 0, 172211456, 954466304, 261342016, 438108160, 4396, 6303060000000, 0.01, 0.20, 296558592, 16725889024, 0.37, 8724148224, 3576426496, 10, 2, 200, 106, 135632758,
2018-03-22 03:23:40, 0.0, 0, 198368736, 954466304, 261342016, 437846016, 4396, 6304830000000, 0.01, 0.19, 304390144, 16725889024, 0.25, 8724148224, 3576426496, 10, 2, 200, 106, 135692758,
2018-03-22 03:24:40, 0.0, 0, 219885416, 954466304, 261342016, 437977088, 4396, 6306610000000, 0.01, 0.20, 327716864, 16725889024, 0.23, 8724148224, 3576426496, 10, 2, 200, 106, 135752757,
2018-03-22 03:25:40, 0.0, 0, 245149232, 954466304, 261342016, 437977088, 4396, 6308430000000, 0.01, 0.20, 298504192, 16725889024, 0.08, 8724148224, 3576426496, 10, 2, 200, 106, 135812759,
2018-03-22 03:26:40, 0.0, 0, 273765808, 954466304, 261342016, 437977088, 4396, 6310300000000, 0.01, 0.21, 296124416, 16725889024, 0.10, 8724148224, 3576426496, 10, 2, 200, 106, 135872758,
2018-03-22 03:27:40, 0.0, 0, 299824984, 954466304, 261342016, 437846016, 4396, 6312090000000, 0.01, 0.19, 292831232, 16725889024, 0.04, 8724148224, 3576426496, 10, 2, 200, 106, 135932761,
2018-03-22 03:28:40, 0.0, 0, 321490016, 954466304, 261342016, 436404224, 4396, 6313910000000, 0.01, 0.19, 320184320, 16725889024, 0.13, 8724148224, 3576426496, 10, 2, 200, 106, 135992765,
2018-03-22 03:29:40, 0.0, 0, 146941504, 954466304, 261342016, 436469760, 4396, 6315830000000, 0.01, 0.20, 319131648, 16725889024, 0.40, 8724148224, 3576426496, 10, 2, 200, 106, 136052759,
2018-03-22 03:30:40, 0.0, 0, 166449848, 954466304, 261342016, 437780480, 4396, 6317640000000, 0.01, 0.21, 299343872, 16725889024, 0.94, 8724148224, 3576426496, 10, 2, 200, 106, 136112758,
2018-03-22 03:31:40, 0.0, 0, 194981280, 954466304, 261342016, 436797440, 4396, 6319490000000, 0.01, 0.22, 290910208, 16725889024, 0.39, 8724148224, 3576426496, 10, 2, 200, 106, 136172758,
2018-03-22 03:32:40, 0.0, 0, 220211944, 954466304, 261342016, 437583872, 4396, 6321290000000, 0.01, 0.19, 257523712, 16725889024, 0.38, 8724148224, 3576426496, 10, 2, 200, 106, 136232758,
2018-03-22 03:33:40, 0.0, 0, 253492312, 954466304, 261342016, 437649408, 4396, 6323120000000, 0.01, 0.20, 279076864, 16725889024, 0.38, 8724148224, 3576426496, 10, 2, 200, 106, 136292756,
2018-03-22 03:34:40, 0.0, 0, 277204936, 954466304, 261342016, 437518336, 4396, 6324960000000, 0.01, 0.21, 283435008, 16725889024, 0.45, 8724148224, 3576426496, 10, 2, 200, 106, 136352762,
2018-03-22 03:35:40, 0.0, 0, 302935712, 954466304, 261342016, 437583872, 4396, 6326740000000, 0.01, 0.19, 279998464, 16725889024, 0.22, 8724148224, 3576426496, 10, 2, 200, 106, 136412756,
2018-03-22 03:36:40, 0.0, 0, 125490064, 954466304, 261342016, 437583872, 4396, 6328630000000, 0.01, 0.21, 216895488, 16725889024, 0.21, 8724148224, 3576426496, 10, 2, 200, 106, 136472756,
2018-03-22 03:37:40, 0.0, 0, 135968952, 954466304, 261342016, 437059584, 4396, 6330310000000, 0.01, 0.20, 261718016, 16725889024, 0.49, 8724148224, 3576426496, 10, 2, 200, 106, 136532757,
2018-03-22 03:38:40, 0.0, 0, 169455040, 954466304, 261342016, 437780480, 4396, 6332180000000, 0.01, 0.21, 269037568, 16725889024, 0.38, 8724148224, 3576426496, 10, 2, 200, 106, 136592757,
2018-03-22 03:39:40, 0.0, 0, 199141616, 954466304, 261342016, 437714944, 4396, 6333990000000, 0.01, 0.20, 233054208, 16725889024, 0.22, 8724148224, 3576426496, 10, 2, 200, 106, 136652758,
2018-03-22 03:40:40, 0.0, 0, 219639400, 954466304, 261342016, 437780480, 4396, 6335780000000, 0.01, 0.19, 229687296, 16725889024, 0.17, 8724148224, 3576426496, 10, 2, 200, 106, 136712760,
2018-03-22 03:41:40, 0.0, 0, 232029848, 954466304, 261342016, 438042624, 4396, 6337600000000, 0.01, 0.22, 259870720, 16725889024, 0.31, 8724148224, 3576426496, 10, 2, 200, 106, 136772756,
2018-03-22 03:42:40, 0.0, 0, 270852376, 954466304, 261342016, 438108160, 4396, 6339480000000, 0.01, 0.21, 245014528, 16725889024, 0.44, 8724148224, 3576426496, 10, 2, 200, 106, 136832758,
2018-03-22 03:43:40, 0.0, 0, 306718000, 954466304, 261342016, 438566912, 4396, 6341290000000, 0.01, 0.20, 242081792, 16725889024, 0.16, 8724148224, 3576426496, 10, 2, 200, 106, 136892760,
2018-03-22 03:44:40, 0.0, 0, 324416328, 954466304, 261342016, 438632448, 4396, 6343050000000, 0.01, 0.19, 229126144, 16725889024, 0.10, 8724148224, 3576426496, 10, 2, 200, 106, 136952756,
2018-03-22 03:45:40, 0.0, 0, 150775064, 954466304, 261342016, 438566912, 4396, 6344970000000, 0.01, 0.20, 267886592, 16725889024, 0.40, 8724148224, 3576426496, 10, 2, 200, 106, 137012757,
2018-03-22 03:46:40, 0.0, 0, 179885496, 954466304, 261342016, 438632448, 4396, 6346780000000, 0.01, 0.20, 264601600, 16725889024, 0.28, 8724148224, 3576426496, 10, 2, 200, 106, 137072762,
2018-03-22 03:47:40, 0.0, 0, 206350288, 954466304, 261342016, 438632448, 4396, 6348580000000, 0.01, 0.22, 261386240, 16725889024, 0.30, 8724148224, 3576426496, 10, 2, 200, 106, 137132758,
2018-03-22 03:48:40, 0.0, 0, 221443928, 954466304, 261342016, 438501376, 4396, 6350320000000, 0.01, 0.19, 246550528, 16725889024, 0.21, 8724148224, 3576426496, 10, 2, 200, 106, 137192759,
2018-03-22 03:49:40, 0.0, 0, 261932888, 954466304, 261342016, 438566912, 4396, 6352250000000, 0.01, 0.21, 168251392, 16725889024, 0.32, 8724148224, 3576426496, 10, 2, 200, 106, 137252757,
2018-03-22 03:50:40, 0.0, 0, 271417112, 954466304, 261342016, 438370304, 4396, 6353900000000, 0.01, 0.20, 200118272, 16725889024, 0.64, 8724148224, 3576426496, 10, 2, 200, 106, 137312756,
2018-03-22 03:51:40, 0.0, 0, 310334440, 954466304, 261342016, 438632448, 4396, 6355810000000, 0.01, 0.21, 192851968, 16725889024, 0.35, 8724148224, 3576426496, 10, 2, 200, 106, 137372761,
2018-03-22 03:52:40, 0.0, 0, 334622736, 954466304, 261342016, 438632448, 4396, 6357700000000, 0.01, 0.22, 203243520, 16725889024, 0.17, 8724148224, 3576426496, 10, 2, 200, 106, 137432760,
2018-03-22 03:53:40, 0.0, 0, 145540800, 954466304, 261342016, 438501376, 4396, 6359430000000, 0.01, 0.19, 208932864, 16725889024, 0.20, 8724148224, 3576426496, 10, 2, 200, 106, 137492761,
2018-03-22 03:54:40, 0.0, 0, 184756856, 954466304, 261342016, 438566912, 4396, 6361350000000, 0.01, 0.20, 269090816, 16725889024, 0.35, 8724148224, 3576426496, 10, 2, 200, 106, 137552758,
2018-03-22 03:55:40, 0.0, 0, 198127224, 954466304, 261342016, 438370304, 4396, 6363080000000, 0.01, 0.21, 266153984, 16725889024, 0.30, 8724148224, 3576426496, 10, 2, 200, 106, 137612758,
2018-03-22 03:56:40, 0.0, 0, 224940664, 954466304, 261342016, 437125120, 4396, 6364890000000, 0.01, 0.19, 231944192, 16725889024, 0.18, 8724148224, 3576426496, 10, 2, 200, 106, 137672762,
2018-03-22 03:57:40, 0.0, 0, 257127672, 954466304, 261342016, 438435840, 4396, 6366730000000, 0.01, 0.19, 235675648, 16725889024, 0.44, 8724148224, 3576426496, 10, 2, 200, 106, 137732759,
2018-03-22 03:58:40, 0.0, 0, 284294056, 954466304, 261342016, 437190656, 4396, 6368550000000, 0.01, 0.20, 233947136, 16725889024, 0.34, 8724148224, 3576426496, 10, 2, 200, 106, 137792756,
2018-03-22 03:59:40, 0.0, 0, 298911384, 954466304, 261342016, 438239232, 4396, 6370290000000, 0.01, 0.21, 257888256, 16725889024, 0.39, 8724148224, 3576426496, 10, 2, 200, 106, 137852758,
2018-03-22 04:00:40, 0.0, 0, 330759632, 954466304, 261342016, 438304768, 4396, 6372150000000, 0.01, 0.20, 219021312, 16725889024, 0.24, 8724148224, 3576426496, 10, 2, 200, 106, 137912757,
2018-03-22 04:01:40, 0.0, 0, 143402448, 954466304, 261342016, 438239232, 4396, 6374020000000, 0.01, 0.19, 226541568, 16725889024, 0.12, 8724148224, 3576426496, 10, 2, 200, 106, 137972761,
2018-03-22 04:02:40, 0.0, 0, 162082072, 954466304, 261342016, 438304768, 4396, 6375860000000, 0.01, 0.22, 221208576, 16725889024, 0.08, 8724148224, 3576426496, 10, 2, 200, 106, 138032760,
2018-03-22 04:03:40, 0.0, 0, 195844088, 954466304, 261342016, 438370304, 4396, 6377860000000, 0.01, 0.23, 292950016, 16725889024, 0.03, 8724148224, 3576426496, 10, 2, 200, 106, 138092763,
2018-03-22 04:04:40, 0.0, 0, 213868624, 954466304, 261342016, 437583872, 4396, 6379620000000, 0.01, 0.20, 258142208, 16725889024, 0.22, 8724148224, 3576426496, 10, 2, 200, 106, 138152765,
2018-03-22 04:05:40, 0.0, 0, 242082456, 954466304, 261342016, 438370304, 4396, 6381490000000, 0.01, 0.19, 257118208, 16725889024, 0.20, 8724148224, 3576426496, 10, 2, 200, 106, 138212757,
2018-03-22 04:06:40, 0.0, 0, 279945848, 954466304, 261342016, 437780480, 4396, 6383350000000, 0.01, 0.20, 245817344, 16725889024, 0.07, 8724148224, 3576426496, 10, 2, 200, 106, 138272757,
2018-03-22 04:07:40, 0.0, 0, 296120952, 954466304, 261342016, 438370304, 4396, 6385120000000, 0.01, 0.20, 250142720, 16725889024, 0.16, 8724148224, 3576426496, 10, 2, 200, 106, 138332763,
2018-03-22 04:08:40, 0.0, 0, 334472472, 954466304, 261342016, 438108160, 4396, 6387030000000, 0.01, 0.20, 249368576, 16725889024, 0.17, 8724148224, 3576426496, 10, 2, 200, 106, 138392757,
2018-03-22 04:09:40, 0.0, 0, 140741464, 954466304, 261342016, 437977088, 4396, 6388770000000, 0.01, 0.19, 256155648, 16725889024, 0.18, 8724148224, 3576426496, 10, 2, 200, 106, 138452770,
2018-03-22 04:10:40, 0.0, 0, 172586120, 954466304, 261342016, 438108160, 4396, 6390660000000, 0.01, 0.20, 225755136, 16725889024, 0.06, 8724148224, 3576426496, 10, 2, 200, 106, 138512759,
2018-03-22 04:11:40, 0.0, 0, 212836504, 954466304, 261342016, 437977088, 4396, 6392580000000, 0.01, 0.21, 254017536, 16725889024, 0.17, 8724148224, 3576426496, 10, 2, 200, 106, 138572757,
2018-03-22 04:12:40, 0.0, 0, 225022704, 954466304, 261342016, 436338688, 4396, 6394290000000, 0.01, 0.20, 283893760, 16725889024, 0.50, 8724148224, 3576426496, 10, 2, 200, 106, 138632758,
2018-03-22 04:13:40, 0.0, 0, 253439368, 954466304, 261342016, 437846016, 4396, 6396130000000, 0.01, 0.23, 279687168, 16725889024, 0.38, 8724148224, 3576426496, 10, 2, 200, 106, 138692759,
2018-03-22 04:14:40, 0.0, 0, 285614480, 954466304, 261342016, 437911552, 4396, 6397980000000, 0.01, 0.20, 254083072, 16725889024, 0.14, 8724148224, 3576426496, 10, 2, 200, 106, 138752759,
2018-03-22 04:15:40, 0.0, 0, 301470648, 954466304, 261342016, 437846016, 4396, 6399740000000, 0.01, 0.20, 253382656, 16725889024, 0.17, 8724148224, 3576426496, 10, 2, 200, 106, 138812757,
2018-03-22 04:16:40, 0.0, 0, 336170856, 954466304, 261342016, 437911552, 4396, 6401640000000, 0.01, 0.20, 279064576, 16725889024, 0.15, 8724148224, 3576426496, 10, 2, 200, 106, 138872763,
2018-03-22 04:17:40, 0.0, 0, 154089608, 954466304, 261342016, 437911552, 4396, 6403420000000, 0.01, 0.19, 278171648, 16725889024, 0.12, 8724148224, 3576426496, 10, 2, 200, 106, 138932757,
2018-03-22 04:18:40, 0.0, 0, 177158248, 954466304, 261342016, 437780480, 4396, 6405220000000, 0.01, 0.20, 246730752, 16725889024, 0.10, 8724148224, 3576426496, 10, 2, 200, 106, 138992758,
2018-03-22 04:19:40, 0.0, 0, 201009192, 954466304, 261342016, 437846016, 4396, 6406950000000, 0.01, 0.20, 252350464, 16725889024, 0.15, 8724148224, 3576426496, 10, 2, 200, 106, 139052755,
2018-03-22 04:20:40, 0.0, 0, 236821016, 954466304, 261342016, 437714944, 4396, 6408810000000, 0.01, 0.20, 302956544, 16725889024, 0.24, 8724148224, 3576426496, 10, 2, 200, 106, 139112756,
2018-03-22 04:21:40, 0.0, 0, 257940168, 954466304, 261342016, 437846016, 4396, 6410520000000, 0.01, 0.19, 266039296, 16725889024, 0.34, 8724148224, 3576426496, 10, 2, 200, 106, 139172762,
2018-03-22 04:22:40, 0.0, 0, 280725104, 954466304, 261342016, 437780480, 4396, 6412320000000, 0.01, 0.19, 273649664, 16725889024, 0.20, 8724148224, 3576426496, 10, 2, 200, 106, 139232757,
2018-03-22 04:23:40, 0.0, 0, 313341176, 954466304, 261342016, 437846016, 4396, 6414120000000, 0.01, 0.20, 270864384, 16725889024, 0.34, 8724148224, 3576426496, 10, 2, 200, 106, 139292769,
2018-03-22 04:24:40, 0.0, 0, 336080216, 954466304, 261342016, 437583872, 4396, 6415920000000, 0.01, 0.24, 278364160, 16725889024, 0.12, 8724148224, 3576426496, 10, 2, 200, 106, 139352759,
2018-03-22 04:25:40, 0.0, 0, 153222504, 954466304, 261342016, 437649408, 4396, 6417670000000, 0.01, 0.19, 275714048, 16725889024, 0.15, 8724148224, 3576426496, 10, 2, 200, 106, 139412761,
2018-03-22 04:26:40, 0.0, 0, 178330872, 954466304, 261342016, 437714944, 4396, 6419470000000, 0.01, 0.19, 273539072, 16725889024, 0.08, 8724148224, 3576426496, 10, 2, 200, 106, 139472758,
2018-03-22 04:27:40, 0.0, 0, 212432272, 954466304, 261342016, 437583872, 4396, 6421320000000, 0.01, 0.20, 252440576, 16725889024, 0.03, 8724148224, 3576426496, 10, 2, 200, 106, 139532758,
2018-03-22 04:28:40, 0.0, 0, 230148808, 954466304, 261342016, 437649408, 4396, 6423050000000, 0.01, 0.20, 267374592, 16725889024, 0.01, 8724148224, 3576426496, 10, 2, 200, 106, 139592761,
2018-03-22 04:29:40, 0.0, 0, 262794712, 954466304, 261342016, 437714944, 4396, 6424840000000, 0.01, 0.19, 285798400, 16725889024, 0.12, 8724148224, 3576426496, 10, 2, 200, 106, 139652757,
2018-03-22 04:30:40, 0.0, 0, 286048440, 954466304, 261342016, 437714944, 4396, 6426630000000, 0.01, 0.19, 293142528, 16725889024, 0.10, 8724148224, 3576426496, 10, 2, 200, 106, 139712757,
2018-03-22 04:31:40, 0.0, 0, 307530048, 954466304, 261342016, 438304768, 4396, 6428450000000, 0.01, 0.20, 288391168, 16725889024, 0.18, 8724148224, 3576426496, 10, 2, 200, 106, 139772768,
2018-03-22 04:32:40, 0.0, 0, 139068704, 954466304, 261342016, 437780480, 4396, 6430350000000, 0.01, 0.20, 254685184, 16725889024, 0.42, 8724148224, 3576426496, 10, 2, 200, 106, 139832756,
2018-03-22 04:33:40, 0.0, 0, 158457520, 954466304, 261342016, 438370304, 4396, 6432060000000, 0.01, 0.19, 283746304, 16725889024, 0.36, 8724148224, 3576426496, 10, 2, 200, 106, 139892757,
2018-03-22 04:34:40, 0.0, 0, 179625944, 954466304, 261342016, 438239232, 4396, 6433880000000, 0.01, 0.21, 247033856, 16725889024, 0.13, 8724148224, 3576426496, 10, 2, 200, 106, 139952757,
2018-03-22 04:35:40, 0.0, 0, 208959312, 954466304, 261342016, 438304768, 4396, 6435680000000, 0.01, 0.21, 255700992, 16725889024, 0.24, 8724148224, 3576426496, 10, 2, 200, 106, 140012759,
2018-03-22 04:36:40, 0.0, 0, 242700768, 954466304, 261342016, 438566912, 4396, 6437520000000, 0.01, 0.20, 221511680, 16725889024, 0.09, 8724148224, 3576426496, 10, 2, 200, 106, 140072755,
2018-03-22 04:37:40, 0.0, 0, 266957224, 954466304, 261342016, 438632448, 4396, 6439310000000, 0.01, 0.20, 249708544, 16725889024, 0.30, 8724148224, 3576426496, 10, 2, 200, 106, 140132757,
2018-03-22 04:38:40, 0.0, 0, 288829296, 954466304, 261342016, 438501376, 4396, 6441060000000, 0.01, 0.19, 278380544, 16725889024, 0.19, 8724148224, 3576426496, 10, 2, 200, 106, 140192756,
2018-03-22 04:39:40, 0.0, 0, 310134080, 954466304, 261342016, 436797440, 4396, 6442820000000, 0.01, 0.19, 264323072, 16725889024, 0.58, 8724148224, 3576426496, 10, 2, 200, 106, 140252756,
2018-03-22 04:40:40, 0.0, 0, 136123456, 954466304, 261342016, 438435840, 4396, 6444710000000, 0.01, 0.20, 261447680, 16725889024, 0.53, 8724148224, 3576426496, 10, 2, 200, 106, 140312767,
2018-03-22 04:41:40, 0.0, 0, 152447696, 954466304, 261342016, 438632448, 4396, 6446400000000, 0.01, 0.20, 258506752, 16725889024, 0.30, 8724148224, 3576426496, 10, 2, 200, 106, 140372760,
2018-03-22 04:42:40, 0.0, 0, 200538496, 954466304, 261342016, 438763520, 4396, 6448560000000, 0.01, 0.20, 243785728, 16725889024, 0.28, 8724148224, 3576426496, 10, 3, 200, 106, 140432760,
2018-03-22 04:43:40, 0.0, 0, 264247560, 954466304, 261342016, 438763520, 4396, 6450620000000, 0.01, 0.24, 256045056, 16725889024, 0.25, 8724148224, 3576426496, 10, 2, 200, 106, 140492758,
2018-03-22 04:44:40, 0.0, 0, 292018024, 954466304, 261342016, 437125120, 4396, 6452410000000, 0.01, 0.20, 253992960, 16725889024, 0.21, 8724148224, 3576426496, 10, 2, 200, 106, 140552758,
2018-03-22 04:45:40, 0.0, 0, 319774848, 954466304, 261342016, 438566912, 4396, 6454250000000, 0.01, 0.23, 253476864, 16725889024, 0.26, 8724148224, 3576426496, 10, 2, 200, 106, 140612767,
2018-03-22 04:46:40, 0.0, 0, 145095792, 954466304, 261342016, 438042624, 4396, 6456070000000, 0.01, 0.18, 249683968, 16725889024, 0.56, 8724148224, 3576426496, 10, 2, 200, 106, 140672756,
2018-03-22 04:47:40, 0.0, 0, 177266768, 954466304, 261342016, 438632448, 4396, 6457900000000, 0.01, 0.18, 260280320, 16725889024, 0.41, 8724148224, 3576426496, 10, 2, 200, 106, 140732761,
2018-03-22 04:48:40, 0.0, 0, 202870056, 954466304, 261342016, 438435840, 4396, 6459710000000, 0.01, 0.19, 259588096, 16725889024, 0.18, 8724148224, 3576426496, 10, 2, 200, 106, 140792756,
2018-03-22 04:49:40, 0.0, 0, 232185352, 954466304, 261342016, 436600832, 4396, 6461470000000, 0.01, 0.20, 207446016, 16725889024, 0.12, 8724148224, 3576426496, 10, 2, 200, 106, 140852766,
2018-03-22 04:50:40, 0.0, 0, 268570008, 954466304, 261342016, 438435840, 4396, 6463440000000, 0.01, 0.23, 231899136, 16725889024, 0.19, 8724148224, 3576426496, 10, 3, 200, 106, 140912757,
2018-03-22 04:51:40, 0.0, 0, 280326768, 954466304, 261342016, 436731904, 4396, 6465050000000, 0.01, 0.17, 264622080, 16725889024, 0.07, 8724148224, 3576426496, 10, 2, 200, 106, 140972759,
2018-03-22 04:52:40, 0.0, 0, 292622760, 954466304, 261342016, 438435840, 4396, 6466800000000, 0.01, 0.19, 241909760, 16725889024, 0.43, 8724148224, 3576426496, 10, 2, 200, 106, 141032756,
2018-03-22 04:53:40, 0.0, 0, 307853024, 954466304, 261342016, 436731904, 4396, 6468520000000, 0.01, 0.20, 241369088, 16725889024, 0.30, 8724148224, 3576426496, 10, 2, 200, 106, 141092761,
2018-03-22 04:54:40, 0.0, 0, 333581072, 954466304, 261342016, 438239232, 4396, 6470310000000, 0.01, 0.18, 272867328, 16725889024, 0.31, 8724148224, 3576426496, 10, 2, 200, 106, 141152756,
2018-03-22 04:55:40, 0.0, 0, 330807416, 954466304, 261342016, 438304768, 4396, 6472030000000, 0.01, 0.19, 258011136, 16725889024, 0.35, 8724148224, 3576426496, 10, 2, 200, 106, 141212759,
2018-03-22 04:56:40, 0.0, 0, 160403136, 954466304, 261342016, 438370304, 4396, 6473900000000, 0.01, 0.21, 280248320, 16725889024, 0.24, 8724148224, 3576426496, 10, 2, 200, 106, 141272756,
2018-03-22 04:57:40, 0.0, 0, 181497208, 954466304, 261342016, 438304768, 4396, 6475610000000, 0.01, 0.19, 280002560, 16725889024, 0.24, 8724148224, 3576426496, 10, 2, 200, 106, 141332755,
2018-03-22 04:58:40, 0.0, 0, 194681400, 954466304, 261342016, 438370304, 4396, 6477390000000, 0.01, 0.19, 247652352, 16725889024, 0.09, 8724148224, 3576426496, 10, 2, 200, 106, 141392760,
2018-03-22 04:59:40, 0.0, 0, 246126880, 954466304, 261342016, 438173696, 4396, 6479400000000, 0.01, 0.20, 225091584, 16725889024, 0.29, 8724148224, 3576426496, 10, 2, 200, 106, 141452764,
2018-03-22 05:00:40, 0.0, 0, 232734760, 954466304, 261342016, 438304768, 4396, 6481050000000, 0.01, 0.18, 275873792, 16725889024, 0.27, 8724148224, 3576426496, 10, 3, 200, 106, 141512768,
2018-03-22 05:01:40, 0.0, 0, 297833240, 954466304, 261342016, 438239232, 4396, 6483000000000, 0.01, 0.20, 221937664, 16725889024, 0.34, 8724148224, 3576426496, 10, 2, 200, 106, 141572758,
2018-03-22 05:02:40, 0.0, 0, 130733104, 954466304, 261342016, 438304768, 4396, 6484880000000, 0.01, 0.20, 270241792, 16725889024, 0.39, 8724148224, 3576426496, 10, 2, 200, 106, 141632761,
2018-03-22 05:03:40, 0.0, 0, 153203416, 954466304, 261342016, 438370304, 4396, 6486570000000, 0.01, 0.18, 250142720, 16725889024, 0.26, 8724148224, 3576426496, 10, 2, 200, 106, 141692756,
2018-03-22 05:04:40, 0.0, 0, 199468008, 954466304, 261342016, 438304768, 4396, 6488460000000, 0.01, 0.18, 228773888, 16725889024, 0.16, 8724148224, 3576426496, 10, 2, 200, 106, 141752760,
2018-03-22 05:05:40, 0.0, 0, 231791696, 954466304, 261342016, 438370304, 4396, 6490250000000, 0.01, 0.19, 266207232, 16725889024, 0.35, 8724148224, 3576426496, 10, 2, 200, 106, 141812755,
2018-03-22 05:06:40, 0.0, 0, 251833136, 954466304, 261342016, 438566912, 4396, 6492070000000, 0.01, 0.23, 245862400, 16725889024, 0.24, 8724148224, 3576426496, 10, 2, 200, 106, 141872758,
2018-03-22 05:07:40, 0.0, 0, 302464256, 954466304, 261342016, 438894592, 4396, 6493880000000, 0.01, 0.18, 232992768, 16725889024, 0.29, 8724148224, 3576426496, 10, 2, 200, 106, 141932757,
2018-03-22 05:08:40, 0.0, 0, 330200752, 954466304, 261342016, 438829056, 4396, 6495670000000, 0.01, 0.18, 214118400, 16725889024, 0.10, 8724148224, 3576426496, 10, 2, 200, 106, 141992757,
2018-03-22 05:09:40, 0.0, 0, 163461840, 954466304, 261342016, 438697984, 4396, 6497500000000, 0.01, 0.19, 242417664, 16725889024, 0.23, 8724148224, 3576426496, 10, 2, 200, 106, 142052757,
2018-03-22 05:10:40, 0.0, 0, 188109736, 954466304, 261342016, 438829056, 4396, 6499260000000, 0.01, 0.19, 209022976, 16725889024, 0.51, 8724148224, 3576426496, 10, 2, 200, 106, 142112763,
2018-03-22 05:11:40, 0.0, 0, 233662112, 954466304, 261342016, 438632448, 4396, 6501120000000, 0.01, 0.18, 240910336, 16725889024, 0.42, 8724148224, 3576426496, 10, 2, 200, 106, 142172758,
2018-03-22 05:12:40, 0.0, 0, 260822256, 954466304, 261342016, 438894592, 4396, 6502920000000, 0.01, 0.18, 239480832, 16725889024, 0.24, 8724148224, 3576426496, 10, 2, 200, 106, 142232760,
2018-03-22 05:13:40, 0.0, 0, 296086528, 954466304, 261342016, 438829056, 4396, 6504700000000, 0.01, 0.18, 207380480, 16725889024, 0.34, 8724148224, 3576426496, 10, 2, 200, 106, 142292756,
2018-03-22 05:14:40, 0.0, 0, 329341048, 954466304, 261342016, 438894592, 4396, 6506560000000, 0.01, 0.19, 238456832, 16725889024, 0.16, 8724148224, 3576426496, 10, 2, 200, 106, 142352767,
2018-03-22 05:15:40, 0.0, 0, 154990088, 954466304, 261342016, 438829056, 4396, 6508370000000, 0.01, 0.19, 237264896, 16725889024, 0.15, 8724148224, 3576426496, 10, 2, 200, 106, 142412761,
2018-03-22 05:16:40, 0.0, 0, 187730472, 954466304, 261342016, 438763520, 4396, 6510250000000, 0.01, 0.18, 180211712, 16725889024, 0.14, 8724148224, 3576426496, 10, 2, 200, 106, 142472757,
2018-03-22 05:17:40, 0.0, 0, 225442088, 954466304, 261342016, 438829056, 4396, 6512150000000, 0.01, 0.22, 213856256, 16725889024, 0.18, 8724148224, 3576426496, 10, 2, 200, 106, 142532756,
2018-03-22 05:18:40, 0.0, 0, 260348584, 954466304, 261342016, 438829056, 4396, 6513920000000, 0.01, 0.19, 212910080, 16725889024, 0.06, 8724148224, 3576426496, 10, 2, 200, 106, 142592755,
2018-03-22 05:19:40, 0.0, 0, 288940016, 954466304, 261342016, 438894592, 4396, 6515750000000, 0.01, 0.19, 243179520, 16725889024, 0.24, 8724148224, 3576426496, 10, 2, 200, 106, 142652757,
2018-03-22 05:20:40, 0.0, 0, 325709472, 954466304, 261342016, 438829056, 4396, 6517590000000, 0.01, 0.18, 236670976, 16725889024, 0.27, 8724148224, 3576426496, 10, 2, 200, 106, 142712755,
2018-03-22 05:21:40, 0.0, 0, 148208304, 954466304, 261342016, 438042624, 4396, 6519450000000, 0.01, 0.18, 242688000, 16725889024, 0.33, 8724148224, 3576426496, 10, 2, 200, 106, 142772757,
2018-03-22 05:22:40, 0.0, 0, 183819424, 954466304, 261342016, 438829056, 4396, 6521340000000, 0.01, 0.19, 208998400, 16725889024, 0.18, 8724148224, 3576426496, 10, 2, 200, 106, 142832757,
2018-03-22 05:23:40, 0.0, 0, 215187800, 954466304, 261342016, 438566912, 4396, 6523170000000, 0.01, 0.20, 232599552, 16725889024, 0.28, 8724148224, 3576426496, 10, 2, 200, 106, 142892762,
2018-03-22 05:24:40, 0.0, 0, 259414728, 954466304, 261342016, 438697984, 4396, 6525070000000, 0.01, 0.18, 239259648, 16725889024, 0.19, 8724148224, 3576426496, 10, 2, 200, 106, 142952756,
2018-03-22 05:25:40, 0.0, 0, 282264016, 954466304, 261342016, 438566912, 4396, 6526850000000, 0.01, 0.18, 207085568, 16725889024, 0.38, 8724148224, 3576426496, 10, 2, 200, 106, 143012760,
2018-03-22 05:26:40, 0.0, 0, 327860528, 954466304, 261342016, 438632448, 4396, 6528800000000, 0.01, 0.19, 206323712, 16725889024, 0.30, 8724148224, 3576426496, 10, 2, 200, 106, 143072757,
2018-03-22 05:27:40, 0.0, 0, 338675456, 954466304, 261342016, 438501376, 4396, 6530570000000, 0.01, 0.22, 201437184, 16725889024, 0.19, 8724148224, 3576426496, 10, 2, 200, 106, 143132759,
2018-03-22 05:28:40, 0.0, 0, 184457800, 954466304, 261342016, 438829056, 4396, 6532430000000, 0.01, 0.19, 249655296, 16725889024, 0.15, 8724148224, 3576426496, 10, 2, 200, 106, 143192756,
2018-03-22 05:29:40, 0.0, 0, 216281336, 954466304, 261342016, 438894592, 4396, 6534320000000, 0.01, 0.18, 256659456, 16725889024, 0.18, 8724148224, 3576426496, 10, 2, 200, 106, 143252758,
2018-03-22 05:30:40, 0.0, 0, 244134296, 954466304, 261342016, 438763520, 4396, 6536110000000, 0.01, 0.19, 256507904, 16725889024, 0.14, 8724148224, 3576426496, 10, 2, 200, 106, 143312760,
2018-03-22 05:31:40, 0.0, 0, 290777464, 954466304, 261342016, 438829056, 4396, 6538070000000, 0.01, 0.20, 243761152, 16725889024, 0.25, 8724148224, 3576426496, 10, 2, 200, 106, 143372756,
2018-03-22 05:32:40, 0.0, 0, 321392584, 954466304, 261342016, 438697984, 4396, 6539940000000, 0.01, 0.19, 222994432, 16725889024, 0.13, 8724148224, 3576426496, 10, 2, 200, 106, 143432759,
2018-03-22 05:33:40, 0.0, 0, 138007552, 954466304, 261342016, 438173696, 4396, 6541740000000, 0.01, 0.19, 244523008, 16725889024, 0.16, 8724148224, 3576426496, 10, 2, 200, 106, 143492760,
2018-03-22 05:34:40, 0.0, 0, 182045888, 954466304, 261342016, 438763520, 4396, 6543660000000, 0.01, 0.19, 219709440, 16725889024, 0.18, 8724148224, 3576426496, 10, 2, 200, 106, 143552757,
2018-03-22 05:35:40, 0.0, 0, 206162880, 954466304, 261342016, 438697984, 4396, 6545450000000, 0.01, 0.20, 211914752, 16725889024, 0.14, 8724148224, 3576426496, 10, 2, 200, 106, 143612761,
2018-03-22 05:36:40, 0.0, 0, 249392624, 954466304, 261342016, 438763520, 4396, 6547350000000, 0.01, 0.19, 219025408, 16725889024, 0.30, 8724148224, 3576426496, 10, 2, 200, 106, 143672759,
2018-03-22 05:37:40, 0.0, 0, 283205744, 954466304, 261342016, 438632448, 4396, 6549180000000, 0.01, 0.18, 217366528, 16725889024, 0.35, 8724148224, 3576426496, 10, 2, 200, 106, 143732759,
2018-03-22 05:38:40, 0.0, 0, 312814936, 954466304, 261342016, 438697984, 4396, 6551080000000, 0.01, 0.22, 258310144, 16725889024, 0.41, 8724148224, 3576426496, 10, 2, 200, 106, 143792757,
2018-03-22 05:39:40, 0.0, 0, 342403704, 954466304, 261342016, 438632448, 4396, 6552870000000, 0.01, 0.19, 258412544, 16725889024, 0.19, 8724148224, 3576426496, 10, 2, 200, 106, 143852764,
2018-03-22 05:40:40, 0.0, 0, 170281472, 954466304, 261342016, 438632448, 4396, 6554790000000, 0.01, 0.20, 247730176, 16725889024, 0.14, 8724148224, 3576426496, 10, 2, 200, 106, 143912758,
2018-03-22 05:41:40, 0.0, 0, 200492904, 954466304, 261342016, 438697984, 4396, 6556650000000, 0.01, 0.18, 225103872, 16725889024, 0.05, 8724148224, 3576426496, 10, 2, 200, 106, 143972762,
2018-03-22 05:42:40, 0.0, 0, 283289320, 954466304, 261342016, 438829056, 4396, 6558870000000, 0.01, 0.21, 251285504, 16725889024, 0.30, 8724148224, 3576426496, 10, 3, 200, 106, 144032756,
2018-03-22 05:43:40, 0.0, 0, 264696384, 954466304, 261342016, 438960128, 4396, 6560530000000, 0.01, 0.19, 241414144, 16725889024, 0.39, 8724148224, 3576426496, 10, 3, 200, 106, 144092769,
2018-03-22 05:44:40, 0.0, 0, 330313968, 954466304, 261342016, 438960128, 4396, 6562610000000, 0.01, 0.26, 207724544, 16725889024, 0.54, 8724148224, 3576426496, 10, 2, 200, 106, 144152758,
2018-03-22 05:45:40, 0.0, 0, 343067384, 954466304, 261342016, 439025664, 4396, 6564380000000, 0.01, 0.18, 208224256, 16725889024, 0.20, 8724148224, 3576426496, 10, 2, 200, 106, 144212762,
2018-03-22 05:46:40, 0.0, 0, 155468712, 954466304, 261342016, 439025664, 4396, 6566250000000, 0.01, 0.18, 279887872, 16725889024, 0.33, 8724148224, 3576426496, 10, 2, 200, 106, 144272764,
2018-03-22 05:47:40, 0.0, 0, 187333024, 954466304, 261342016, 438829056, 4396, 6568230000000, 0.01, 0.20, 223252480, 16725889024, 0.16, 8724148224, 3576426496, 10, 3, 200, 106, 144332764,
2018-03-22 05:48:40, 0.0, 0, 246249680, 954466304, 261342016, 438960128, 4396, 6570370000000, 0.01, 0.24, 215134208, 16725889024, 0.25, 8724148224, 3576426496, 10, 3, 200, 106, 144392762,
2018-03-22 05:49:40, 0.0, 0, 264848360, 954466304, 261342016, 439025664, 4396, 6572240000000, 0.01, 0.25, 216047616, 16725889024, 0.16, 8724148224, 3576426496, 10, 2, 200, 106, 144452757,
2018-03-22 05:50:40, 0.0, 0, 304866048, 954466304, 261342016, 439156736, 4396, 6574400000000, 0.01, 0.20, 190480384, 16725889024, 0.23, 8724148224, 3576426496, 10, 3, 200, 106, 144512761,
2018-03-22 05:51:40, 0.0, 0, 148752696, 954466304, 261342016, 439222272, 4396, 6576440000000, 0.01, 0.22, 217526272, 16725889024, 0.41, 8724148224, 3576426496, 10, 2, 200, 106, 144572758,
2018-03-22 05:52:40, 0.0, 0, 189326912, 954466304, 261342016, 439484416, 4396, 6578370000000, 0.01, 0.20, 214097920, 16725889024, 0.23, 8724148224, 3576426496, 10, 2, 200, 106, 144632756,
2018-03-22 05:53:40, 0.0, 0, 240460480, 954466304, 261342016, 439549952, 4396, 6580320000000, 0.01, 0.18, 168701952, 16725889024, 0.17, 8724148224, 3576426496, 10, 2, 200, 106, 144692758,
2018-03-22 05:54:40, 0.0, 0, 297884968, 954466304, 261342016, 439484416, 4396, 6582470000000, 0.01, 0.21, 200675328, 16725889024, 0.22, 8724148224, 3576426496, 10, 3, 200, 106, 144752767,
2018-03-22 05:55:40, 0.0, 0, 158430360, 954466304, 261342016, 439549952, 4396, 6584590000000, 0.01, 0.20, 233136128, 16725889024, 0.08, 8724148224, 3576426496, 10, 2, 200, 106, 144812759,
2018-03-22 05:56:40, 0.0, 0, 189216672, 954466304, 261342016, 439615488, 4396, 6586410000000, 0.01, 0.20, 232357888, 16725889024, 0.06, 8724148224, 3576426496, 10, 2, 200, 106, 144872757,
2018-03-22 05:57:40, 0.0, 0, 221199640, 954466304, 261342016, 439681024, 4396, 6588240000000, 0.01, 0.18, 199630848, 16725889024, 0.15, 8724148224, 3576426496, 10, 2, 200, 106, 144932761,
2018-03-22 05:58:40, 0.0, 0, 252587448, 954466304, 261342016, 439681024, 4396, 6590080000000, 0.01, 0.18, 198422528, 16725889024, 0.16, 8724148224, 3576426496, 10, 2, 200, 106, 144992756,
2018-03-22 05:59:40, 0.0, 0, 271180592, 954466304, 261342016, 439615488, 4396, 6591910000000, 0.01, 0.20, 226643968, 16725889024, 0.18, 8724148224, 3576426496, 10, 2, 200, 106, 145052755,
